<?xml version="1.0" encoding="UTF-8"?>
<project-private xmlns="http://www.netbeans.org/ns/project-private/1">
    <editor-bookmarks xmlns="http://www.netbeans.org/ns/editor-bookmarks/2" lastBookmarkId="0"/>
    <open-files xmlns="http://www.netbeans.org/ns/projectui-open-files/2">
        <group>
            <file>file:/C:/Users/Souhaila/Documents/NetBeansProjects/StudentManagementSystem/src/studentmanagementsystem/moduleData.java</file>
            <file>file:/C:/Users/Souhaila/Documents/NetBeansProjects/StudentManagementSystem/src/studentmanagementsystem/dashboard.fxml</file>
            <file>file:/C:/Users/Souhaila/Documents/NetBeansProjects/StudentManagementSystem/src/studentmanagementsystem/StudentManagementSystem.java</file>
            <file>file:/C:/Users/Souhaila/Documents/NetBeansProjects/StudentManagementSystem/src/studentmanagementsystem/database.java</file>
            <file>file:/C:/Users/Souhaila/Documents/NetBeansProjects/StudentManagementSystem/src/studentmanagementsystem/dashboardController.java</file>
            <file>file:/C:/Users/Souhaila/Documents/NetBeansProjects/StudentManagementSystem/src/studentmanagementsystem/matiereData.java</file>
        </group>
    </open-files>
</project-private>
